{"cameraMode":{"drawMode":0,"name":"Shaded","section":"Shading Mode"},"sceneLighting":true,"audioPlay":false,"sceneViewState":{"showFog":false,"showMaterialUpdate":false,"showSkybox":false,"showFlares":false,"showImageEffects":false,"showParticleSystems":false},"in2DMode":false,"pivot":{"x":-0.7541698813438416,"y":-3.6422574520111086,"z":12.38161849975586},"rotation":{"x":0.401607871055603,"y":0.021976161748170854,"z":-0.00964044127613306,"w":0.9154973030090332},"size":36.247615814208987,"orthographic":false}