{"cameraMode":{"drawMode":0,"name":"Shaded","section":"Shading Mode"},"sceneLighting":true,"audioPlay":false,"sceneViewState":{"showFog":false,"showMaterialUpdate":false,"showSkybox":false,"showFlares":false,"showImageEffects":false,"showParticleSystems":false},"in2DMode":false,"pivot":{"x":3.2293012142181398,"y":-18.67560386657715,"z":6.088655471801758},"rotation":{"x":0.437195360660553,"y":-0.052565865218639377,"z":0.025608370080590249,"w":0.8974681496620178},"size":27.981828689575197,"orthographic":false}