{"cameraMode":{"drawMode":0,"name":"Shaded","section":"Shading Mode"},"sceneLighting":true,"audioPlay":false,"sceneViewState":{"showFog":false,"showMaterialUpdate":false,"showSkybox":false,"showFlares":false,"showImageEffects":false,"showParticleSystems":false},"in2DMode":false,"pivot":{"x":9.898489952087403,"y":-18.077444076538087,"z":17.866003036499025},"rotation":{"x":-0.42840245366096499,"y":-0.05821684002876282,"z":0.02766953781247139,"w":-0.9012917876243591},"size":42.68364334106445,"orthographic":false}