{"cameraMode":{"drawMode":0,"name":"Shaded","section":"Shading Mode"},"sceneLighting":true,"audioPlay":false,"sceneViewState":{"showFog":false,"showMaterialUpdate":false,"showSkybox":false,"showFlares":false,"showImageEffects":false,"showParticleSystems":false},"in2DMode":false,"pivot":{"x":-3.665724277496338,"y":1.5446195602416993,"z":2.2953248023986818},"rotation":{"x":0.401607871055603,"y":0.021976161748170854,"z":-0.00964044127613306,"w":0.9154973030090332},"size":65.46753692626953,"orthographic":false}